DROP TABLE IF EXISTS d_d_mobiephone;
CREATE TABLE d_d_mobiephone(
  id int(12) NOT NULL,
  company varchar(200) NOT NULL,
  publishing varchar(200) NOT NULL,
  publish_time bigint(20) NOT NULL,
  shangshi_time bigint(20) default NULL,
  isbn varchar(25) default NULL,
  publish_summary text NOT NULL,
  PRIMARY KEY  (id)
) ENGINE=InnoDB DEFAULT CHARSET=utf8;

INSERT INTO d_d_mobiephone VALUES (1,'中国移动','OPPO',1237873000234,154854564589,'P100090','好公司!!!!!!!!');
INSERT INTO d_d_mobiephone VALUES (2,'中国移动','嘉源',1237873000234,154854564589,'P100090','好公司!!!!!!!!');
INSERT INTO d_d_mobiephone VALUES (3,'中国移动','夏新',1237873000234,154854564589,'P100090','好公司!!!!!!!!');
INSERT INTO d_d_mobiephone VALUES (4,'中国联通','夏新',1237873000234,154854564589,'P100090','好公司!!!!!!!!');
INSERT INTO d_d_mobiephone VALUES (5,'中国联通','夏新',1237873000234,154854564589,'P100090','好公司!!!!!!!!');
INSERT INTO d_d_mobiephone VALUES (6,'中国移动','OPPO',1237873000234,154854564589,'P100090','好公司!!!!!!!!');
INSERT INTO d_d_mobiephone VALUES (7,'中国移动','OPPO',1237873000234,154854564589,'P100090','好公司!!!!!!!!');
INSERT INTO d_d_mobiephone VALUES (8,'中国移动','OPPO',1237873000234,154854564589,'P100090','好公司!!!!!!!!');
INSERT INTO d_d_mobiephone VALUES (9,'中国联通','OPPO',1237873000234,154854564589,'P100090','好公司!!!!!!!!');
INSERT INTO d_d_mobiephone VALUES (10,'中国联通','OPPO',1237873000234,154854564589,'P100090','好公司!!!!!!!!');
INSERT INTO d_d_mobiephone VALUES (11,'中国移动','OPPO',1237873000234,154854564589,'P100090','好公司!!!!!!!!');
INSERT INTO d_d_mobiephone VALUES (12,'中国移动','OPPO',1237873000234,154854564589,'P100090','好公司!!!!!!!!');
INSERT INTO d_d_mobiephone VALUES (13,'中国联通','OPPO',1237873000234,154854564589,'P100090','好公司!!!!!!!!');
INSERT INTO d_d_mobiephone VALUES (14,'中国联通','OPPO',1237873000234,154854564589,'P100090','好公司!!!!!!!!');
INSERT INTO d_d_mobiephone VALUES (15,'中国联通','OPPO',1237873000234,154854564589,'P100090','好公司!!!!!!!!');
INSERT INTO d_d_mobiephone VALUES (16,'中国移动','OPPO',1237873000234,154854564589,'P100090','好公司!!!!!!!!');
INSERT INTO d_d_mobiephone VALUES (17,'中国移动','OPPO',1237873000234,154854564589,'P100090','好公司!!!!!!!!');
INSERT INTO d_d_mobiephone VALUES (18,'中国联通','OPPO',1237873000234,154854564589,'P100090','好公司!!!!!!!!');
INSERT INTO d_d_mobiephone VALUES (19,'中国联通','OPPO',1237873000234,154854564589,'P100090','好公司!!!!!!!!');
INSERT INTO d_d_mobiephone VALUES (20,'中国移动','OPPO',1237873000234,154854564589,'P100090','好公司!!!!!!!!');
INSERT INTO d_d_mobiephone VALUES (21,'中国联通','OPPO',1237873000234,154854564589,'P100090','好公司!!!!!!!!');
INSERT INTO d_d_mobiephone VALUES (22,'中国联通','OPPO',1237873000234,154854564589,'P100090','好公司!!!!!!!!');
INSERT INTO d_d_mobiephone VALUES (23,'中国联通','OPPO',1237873000234,154854564589,'P100090','好公司!!!!!!!!');
INSERT INTO d_d_mobiephone VALUES (24,'中国联通','OPPO',1237873000234,154854564589,'P100090','好公司!!!!!!!!');
INSERT INTO d_d_mobiephone VALUES (25,'中国移动','OPPO',1237873000234,154854564589,'P100090','好公司!!!!!!!!');
INSERT INTO d_d_mobiephone VALUES (26,'中国移动','OPPO',1237873000234,154854564589,'P100090','好公司!!!!!!!!');
INSERT INTO d_d_mobiephone VALUES (27,'中国移动','OPPO',1237873000234,154854564589,'P100090','好公司!!!!!!!!');
INSERT INTO d_d_mobiephone VALUES (28,'中国联通','OPPO',1237873000234,154854564589,'P100090','好公司!!!!!!!!');
INSERT INTO d_d_mobiephone VALUES (29,'中国联通','OPPO',1237873000234,154854564589,'P100090','好公司!!!!!!!!');
INSERT INTO d_d_mobiephone VALUES (30,'中国联通','OPPO',1237873000234,154854564589,'P100090','好公司!!!!!!!!');
INSERT INTO d_d_mobiephone VALUES (31,'中国联通','OPPO',1237873000234,154854564589,'P100090','好公司!!!!!!!!');
INSERT INTO d_d_mobiephone VALUES (32,'中国移动','OPPO',1237873000234,154854564589,'P100090','好公司!!!!!!!!');
INSERT INTO d_d_mobiephone VALUES (33,'中国移动','OPPO',1237873000234,154854564589,'P100090','好公司!!!!!!!!');
INSERT INTO d_d_mobiephone VALUES (34,'中国移动','OPPO',1237873000234,154854564589,'P100090','好公司!!!!!!!!');
INSERT INTO d_d_mobiephone VALUES (35,'中国移动','OPPO',1237873000234,154854564589,'P100090','好公司!!!!!!!!');
INSERT INTO d_d_mobiephone VALUES (36,'中国联通','OPPO',1237873000234,154854564589,'P100090','好公司!!!!!!!!');
INSERT INTO d_d_mobiephone VALUES (37,'中国联通','OPPO',1237873000234,154854564589,'P100090','好公司!!!!!!!!');
INSERT INTO d_d_mobiephone VALUES (38,'中国联通','OPPO',1237873000234,154854564589,'P100090','好公司!!!!!!!!');
INSERT INTO d_d_mobiephone VALUES (39,'中国移动','OPPO',1237873000234,154854564589,'P100090','好公司!!!!!!!!');
INSERT INTO d_d_mobiephone VALUES (40,'中国移动','OPPO',1237873000234,154854564589,'P100090','好公司!!!!!!!!');
INSERT INTO d_d_mobiephone VALUES (41,'中国移动','OPPO',1237873000234,154854564589,'P100090','好公司!!!!!!!!');
INSERT INTO d_d_mobiephone VALUES (42,'中国移动','OPPO',1237873000234,154854564589,'P100090','好公司!!!!!!!!');
INSERT INTO d_d_mobiephone VALUES (43,'中国联通','OPPO',1237873000234,154854564589,'P100090','好公司!!!!!!!!');
INSERT INTO d_d_mobiephone VALUES (44,'中国移动','OPPO',1237873000234,154854564589,'P100090','好公司!!!!!!!!');
INSERT INTO d_d_mobiephone VALUES (45,'中国联通','OPPO',1237873000234,154854564589,'P100090','好公司!!!!!!!!');
INSERT INTO d_d_mobiephone VALUES (46,'中国移动','OPPO',1237873000234,154854564589,'P100090','好公司!!!!!!!!');
INSERT INTO d_d_mobiephone VALUES (47,'中国移动','OPPO',1237873000234,154854564589,'P100090','好公司!!!!!!!!');
INSERT INTO d_d_mobiephone VALUES (48,'中国联通','OPPO',1237873000234,154854564589,'P100090','好公司!!!!!!!!');
INSERT INTO d_d_mobiephone VALUES (49,'中国移动','OPPO',1237873000234,154854564589,'P100090','好公司!!!!!!!!');


DROP TABLE IF EXISTS d_d_category;
CREATE TABLE d_d_category (
  id int(12) NOT NULL auto_increment,
  turn int(3) default '10',
  en_name varchar(50) NOT NULL,
  cn_name varchar(50) NOT NULL,
  abridge_name varchar(20) default NULL,
  parent_id int(12) NOT NULL default '0',
  category_value varchar(200) default NULL,
  PRIMARY KEY  (id),
  UNIQUE KEY en_name (en_name),
  UNIQUE KEY category_value (category_value)
) ENGINE=InnoDB DEFAULT CHARSET=utf8;


INSERT INTO d_d_category VALUES (1,1,'MobiePhone','手机',NULL,0,'1');
INSERT INTO d_d_category VALUES (2,1,'By Type','按类别',NULL,1,'1.2');
INSERT INTO d_d_category VALUES (3,2,'By Appearance','按外观',NULL,1,'1.3');
INSERT INTO d_d_category VALUES (4,3,'By PinPai','按品牌',NULL,1,'1.4');
INSERT INTO d_d_category VALUES (5,4,'By Price','按价格',NULL,1,'1.5');
INSERT INTO d_d_category VALUES (6,1,'GSM','GSM手机',NULL,2,'1.2.6');
INSERT INTO d_d_category VALUES (7,1,'FanGai/Zhedie','翻盖/折叠',NULL,3,'1.3.7');
INSERT INTO d_d_category VALUES (8,2,'HuaGai','滑盖',NULL,3,'1.3.8');
INSERT INTO d_d_category VALUES (9,3,'Round','旋转',NULL,3,'1.3.9');
INSERT INTO d_d_category VALUES (10,4,'Line','直板',NULL,3,'1.3.10');
INSERT INTO d_d_category VALUES (11,1,'NuoJiYa','诺基亚',NULL,4,'1.4.11');
INSERT INTO d_d_category VALUES (12,2,'MeiZu','魅族',NULL,4,'1.4.12');
INSERT INTO d_d_category VALUES (13,3,'XiaPu','夏普',NULL,4,'1.4.13');
INSERT INTO d_d_category VALUES (14,4,'OPPO','OPPO',NULL,4,'1.4.14');
INSERT INTO d_d_category VALUES (15,5,'SuoAi','索爱',NULL,4,'1.4.15');
INSERT INTO d_d_category VALUES (16,6,'TianYu','天语',NULL,4,'1.4.16');
INSERT INTO d_d_category VALUES (17,7,'XiaXin','夏新',NULL,4,'1.4.17');
INSERT INTO d_d_category VALUES (18,8,'FeiLipu','飞利浦',NULL,4,'1.4.18');
INSERT INTO d_d_category VALUES (19,9,'SanXing','三星',NULL,4,'1.4.19');
INSERT INTO d_d_category VALUES (20,10,'DuoPuda','多普达',NULL,4,'1.4.20');
INSERT INTO d_d_category VALUES (21,11,'Motel','摩托罗拉',NULL,4,'1.4.21');
INSERT INTO d_d_category VALUES (22,12,'NianXiang','联想',NULL,4,'1.4.22');
INSERT INTO d_d_category VALUES (23,13,'LG','LG',NULL,4,'1.4.23');
INSERT INTO d_d_category VALUES (24,14,'JiaYuan','嘉源',NULL,4,'1.4.24');
INSERT INTO d_d_category VALUES (25,1,'Below 200yuan','200元以下',NULL,5,'1.5.25');
INSERT INTO d_d_category VALUES (26,2,'200-500yuan','200-500元',NULL,5,'1.5.26');
INSERT INTO d_d_category VALUES (27,3,'500-1000yuan','500-1000元',NULL,5,'1.5.27');
INSERT INTO d_d_category VALUES (28,4,'1000-2000yuan','1000-2000元',NULL,5,'1.5.28');
INSERT INTO d_d_category VALUES (29,5,'2000-5000yuan','2000-5000元',NULL,5,'1.5.29');
INSERT INTO d_d_category VALUES (30,6,'UP 5000yuan','5000元以上  ',NULL,5,'1.5.30');


DROP TABLE IF EXISTS d_d_product;
CREATE TABLE d_d_product (
  id int(12) NOT NULL auto_increment,
  category_id int(12) NOT NULL,
  product_name varchar(100) NOT NULL,
  description varchar(100) default NULL,
  add_time bigint(20) default NULL,
  fixed_price double NOT NULL,
  dang_price double NOT NULL,
  keywords varchar(200) default NULL,
  product_weight double NOT NULL,
  has_deleted int(1) NOT NULL default 0,
  product_pic varchar(200) default NULL,
  PRIMARY KEY  (id)
) ENGINE=InnoDB DEFAULT CHARSET=utf8;
INSERT INTO d_d_product VALUES (1,6,'T5','OPPO直板手机',1237873000234,1200,980,'T5',120.0,0,'1.jpg');
INSERT INTO d_d_product VALUES (2,6,'N900','嘉源直板手机',1237873000234,1200,980,'N900',120.0,0,'2.jpg');
INSERT INTO d_d_product VALUES (3,6,'N5','夏新直板手机',1237873000234,1200,980,'N5',120.0,0,'3.jpg');
INSERT INTO d_d_product VALUES (4,6,'N6黑','夏新直板手机',1237873000234,1200,980,'N6',120.0,0,'4.jpg');
INSERT INTO d_d_product VALUES (5,6,'N810','夏新直板手机',1237873000234,1200,980,'N810',120.0,0,'5.jpg');
INSERT INTO d_d_product VALUES (6,6,'SH9010C','夏普翻盖 折叠手机',1237873000234,1200,980,'SH9010C',120.0,0,'6.jpg');
INSERT INTO d_d_product VALUES (7,6,'A992','天语直板手机',1237873000234,1200,980,'A992',120.0,0,'7.jpg');
INSERT INTO d_d_product VALUES (8,6,'V988','天语直板手机',1237873000234,1200,980,'V988',120.0,0,'8.jpg');
INSERT INTO d_d_product VALUES (9,6,'W888','索爱直板手机',1237873000234,1200,980,'W888',120.0,0,'9.jpg');
INSERT INTO d_d_product VALUES (10,6,'P80','联想翻盖 折叠手机',1237873000234,1200,980,'P80',120.0,0,'10.jpg');
INSERT INTO d_d_product VALUES (11,6,'S700','联想翻盖 折叠手机',1237873000234,1200,980,'S700',120.0,0,'11.jpg');
INSERT INTO d_d_product VALUES (12,6,'7070P','诺基亚翻盖 折叠手机',1237873000234,1200,980,'7070P',120.0,0,'12.jpg');
INSERT INTO d_d_product VALUES (13,6,'M600(金)','飞利浦直板手机',1237873000234,1200,980,'M600',120.0,0,'13.jpg');
INSERT INTO d_d_product VALUES (14,6,'M8','魅族直板手机',1237873000234,1200,980,'M8',120.0,0,'14.jpg');
INSERT INTO d_d_product VALUES (15,7,'KG98','LG翻盖 折叠手机',1237873000234,1200,980,'KG98',120.0,0,'15.jpg');
INSERT INTO d_d_product VALUES (16,7,'CC01','三星翻盖 折叠手机',1237873000234,1200,980,'CC01',120.0,0,'16.jpg');
INSERT INTO d_d_product VALUES (17,7,'SH9010C','夏普翻盖 折叠手机',1237873000234,1200,980,'SH9010C',120.0,0,'17.jpg');
INSERT INTO d_d_product VALUES (18,7,'SH9020C','夏普翻盖 折叠手机',1237873000234,1200,980,'SH9020C',120.0,0,'18.jpg');
INSERT INTO d_d_product VALUES (19,7,'A1200','摩托罗拉翻盖 折叠手机',1237873000234,1200,980,'A1200',120.0,0,'19.jpg');
INSERT INTO d_d_product VALUES (20,7,'W350C','索爱翻盖 折叠手机',1237873000234,1200,980,'W350C',120.0,0,'20.jpg');
INSERT INTO d_d_product VALUES (21,7,'W380C','索爱翻盖 折叠手机',1237873000234,1200,980,'W380C',120.0,0,'21.jpg');
INSERT INTO d_d_product VALUES (22,7,'P80','联想翻盖 折叠手机',1237873000234,1200,980,'P80',120.0,0,'22.jpg');
INSERT INTO d_d_product VALUES (23,7,'S700','联想翻盖 折叠手机',1237873000234,1200,980,'S700',120.0,0,'23.jpg');
INSERT INTO d_d_product VALUES (24,7,'7070P','诺基亚翻盖 折叠手机',1237873000234,1200,980,'7070P',120.0,0,'24.jpg');
INSERT INTO d_d_product VALUES (25,7,'7510A','诺基亚翻盖 折叠手机',1237873000234,1200,980,'7510A',120.0,0,'25.jpg');
INSERT INTO d_d_product VALUES (26,7,'N76','诺基亚翻盖 折叠手机',1237873000234,1200,980,'N76',120.0,0,'26.jpg');
INSERT INTO d_d_product VALUES (27,7,'9@9Q','飞利浦翻盖 折叠手机',1237873000234,1200,980,'9@9Q',120.0,0,'27.jpg');
INSERT INTO d_d_product VALUES (28,8,'G608','三星滑盖手机',1237873000234,1200,980,'G608',120.0,0,'28.jpg');
INSERT INTO d_d_product VALUES (29,8,'KC550','LG滑盖手机',1237873000234,1200,980,'KC550',120.0,0,'29.jpg');
INSERT INTO d_d_product VALUES (30,8,'KE508','LG滑盖手机',1237873000234,1200,980,'KE508',120.0,0,'30.jpg');
INSERT INTO d_d_product VALUES (31,8,'KG70','LG滑盖手机',1237873000234,1200,980,'KG70',120.0,0,'31.jpg');
INSERT INTO d_d_product VALUES (32,8,'D888（金色','三星滑盖手机）',1237873000234,1200,980,'D888',120.0,0,'32.jpg');
INSERT INTO d_d_product VALUES (33,8,'F268','三星滑盖手机',1237873000234,1200,980,'F268',120.0,0,'33.jpg');
INSERT INTO d_d_product VALUES (34,8,'G818','三星滑盖手机',1237873000234,1200,980,'G818',120.0,0,'34.jpg');
INSERT INTO d_d_product VALUES (35,8,'J708','三星滑盖手机',1237873000234,1200,980,'J708',120.0,0,'35.jpg');
INSERT INTO d_d_product VALUES (36,8,'M600','夏新滑盖手机',1237873000234,1200,980,'M600',120.0,0,'36.jpg');
INSERT INTO d_d_product VALUES (37,8,'Z6','摩托罗拉滑盖手机',1237873000234,1200,980,'Z6',120.0,0,'37.jpg');
INSERT INTO d_d_product VALUES (38,8,'W595C','索爱滑盖手机',1237873000234,1200,980,'W595C',120.0,0,'38.jpg');
INSERT INTO d_d_product VALUES (39,8,'W908','索爱滑盖手机',1237873000234,1200,980,'W908',120.0,0,'39.jpg');
INSERT INTO d_d_product VALUES (40,8,'A710','联想滑盖手机',1237873000234,1200,980,'A710',120.0,0,'40.jpg');
INSERT INTO d_d_product VALUES (41,8,'E66','诺基亚滑盖手机',1237873000234,1200,980,'E66',120.0,0,'41.jpg');
INSERT INTO d_d_product VALUES (42,8,'9N81畅听版','诺基亚滑盖手机',1237873000234,1200,980,'N81',120.0,0,'42.jpg');
INSERT INTO d_d_product VALUES (43,9,'N810','诺基亚滑盖手机',1237873000234,1200,980,'N810',120.0,0,'N810.jpg');
INSERT INTO d_d_product VALUES (44,9,'N5','诺基亚滑盖手机',1237873000234,1200,980,'N5',120.0,0,'N5.jpg');
INSERT INTO d_d_product VALUES (45,9,'SH8010C','诺基亚滑盖手机',1237873000234,1200,980,'SH8010C',120.0,0,'SH8010C.jpg');
INSERT INTO d_d_product VALUES (46,9,'1200','诺基亚滑盖手机',1237873000234,1200,980,'1200',120.0,0,'1200.jpg');
INSERT INTO d_d_product VALUES (47,10,'5310XM','诺基亚滑盖手机',1237873000234,1200,980,'5310XM',120.0,0,'5310XM.jpg');
INSERT INTO d_d_product VALUES (48,11,'5611XM','诺基亚滑盖手机',1237873000234,1200,980,'5611XM',120.0,0,'5611XM.jpg');
INSERT INTO d_d_product VALUES (49,11,'M68','诺基亚滑盖手机',1237873000234,1200,980,'M68',120.0,0,'M68.jpg');


ALTER TABLE d_d_mobiephone
ADD CONSTRAINT d_d_mobiephone_ibfk_1 FOREIGN KEY (id) REFERENCES d_d_product (id) ON UPDATE CASCADE;

DROP TABLE IF EXISTS d_d_comment;
CREATE TABLE d_d_comment (
  id int(12) NOT NULL auto_increment,
  product_id int(12) unsigned NOT NULL,
  user_id int(10) unsigned NOT NULL,
  comment_title varchar(50) NOT NULL,
  comment_content varchar(3000) NOT NULL,
  comment_time bigint(20) NOT NULL,
  PRIMARY KEY  (id)
) ENGINE=InnoDB DEFAULT CHARSET=utf8;


DROP TABLE IF EXISTS d_d_comment_reply;
CREATE TABLE d_d_comment_reply (
  id int(12) unsigned NOT NULL auto_increment,
  comment_id int(12) unsigned NOT NULL,
  user_id int(12) unsigned NOT NULL,
  reply_time bigint(20) default NULL,
  reply_content varchar(3000) NOT NULL,
  turn int(11) default NULL, 
  PRIMARY KEY  (id)
) ENGINE=InnoDB DEFAULT CHARSET=utf8 ROW_FORMAT=REDUNDANT;


DROP TABLE IF EXISTS d_d_item;
CREATE TABLE d_d_item (
  id int(12) NOT NULL auto_increment,
  order_id int(10) unsigned NOT NULL,
  product_id int(10) unsigned NOT NULL,
  dang_price double NOT NULL,
  product_name varchar(100),
  product_num int(10) unsigned NOT NULL default '1',
  amount double NOT NULL,
  PRIMARY KEY  (id)
) ENGINE=InnoDB DEFAULT CHARSET=utf8;


DROP TABLE IF EXISTS d_d_order;
CREATE TABLE d_d_order (
  id int(10) unsigned NOT NULL auto_increment,
  user_id int(10) unsigned NOT NULL,
  status int(10) unsigned NOT NULL,
  order_time bigint(20) NOT NULL,
  order_desc varchar(100) default NULL,
  total_price double NOT NULL,
  
  send_fee double NOT NULL,
  send_id int(12) default NULL,
  
  order_price double NOT NULL,
  send_time bigint(20) default NULL,
  is_delete int default 0,
  
  receive_id int(10) unsigned NOT NULL,
  receive_name varchar(100) default NULL,
  full_address varchar(200) default NULL,
  postal_code varchar(8) default NULL,
  mobile varchar(20) default NULL,
  phone varchar(20) default NULL,
  
  PRIMARY KEY  (id)
) ENGINE=InnoDB DEFAULT CHARSET=utf8 ROW_FORMAT=REDUNDANT;


DROP TABLE IF EXISTS d_d_receive_address;
CREATE TABLE d_d_receive_address (
  id int(12) NOT NULL auto_increment,
  user_id int(11) NOT NULL,
  receive_name varchar(20) NOT NULL,
  full_address varchar(200) NOT NULL,
  postal_code varchar(8) NOT NULL,
  mobile varchar(15) NOT NULL,
  phone varchar(20) default NULL,
  is_default int(1) default 0,
  PRIMARY KEY  (id)
) ENGINE=InnoDB DEFAULT CHARSET=utf8 ROW_FORMAT=REDUNDANT;

DROP TABLE IF EXISTS d_d_send_way;
CREATE TABLE d_d_send_way (
  id int(11) NOT NULL auto_increment,
  is_close bit(1) default '\0',
  send_way varchar(30) NOT NULL,
  send_desc varchar(100) default NULL,
  send_fee double NOT NULL default '0',
  PRIMARY KEY  (id)
) ENGINE=InnoDB DEFAULT CHARSET=utf8;

insert into d_d_send_way value(1,0,'汽车','公路行走',220.0);
insert into d_d_send_way value(2,0,'轮船','水上运行',180.0);
insert into d_d_send_way value(3,0,'火车','铁路运行',100.0);

DROP TABLE IF EXISTS d_d_user;
CREATE TABLE d_d_user (
  id int(12) NOT NULL auto_increment,
  email varchar(50) NOT NULL,
  nickname varchar(50) default NULL,
  password varchar(50) NOT NULL,
  user_integral int(12) NOT NULL default 0,
  is_email_verify int(1) default 0,
  email_verify_code varchar(50),
  last_login_time bigint(20) default NULL,
  last_login_ip varchar(15) default NULL,
  PRIMARY KEY  (id),
  UNIQUE KEY email (email),
  UNIQUE KEY nickname (nickname)
) ENGINE=InnoDB DEFAULT CHARSET=utf8;

INSERT INTO d_d_user value(1,'yangdemeng@yahoo.com','Help_YDM','4QrcOUm6Wau+VuBX8g+IPg==',0,1,'80275d85-2c5b-4366-9189-967cda00f56c',1242822671358,'127.0.0.1');
DROP TABLE IF EXISTS d_d_rhn;
CREATE TABLE d_d_rhn (
  id int(12) NOT NULL auto_increment,
  product_id int(12) NOT NULL,
  	product_type varchar(12) NOT NULL,
  PRIMARY KEY  (id)
) ENGINE=InnoDB DEFAULT CHARSET=utf8;

INSERT INTO d_d_rhn VALUES(1,49,'rec');
INSERT INTO d_d_rhn VALUES(2,48,'tejia');
INSERT INTO d_d_rhn VALUES(3,47,'tejia');
INSERT INTO d_d_rhn VALUES(4,46,'tejia');
INSERT INTO d_d_rhn VALUES(5,45,'tejia');
INSERT INTO d_d_rhn VALUES(6,44,'new');
INSERT INTO d_d_rhn VALUES(7,43,'new');
INSERT INTO d_d_rhn VALUES(8,42,'new');
INSERT INTO d_d_rhn VALUES(9,41,'new');
